id,name,birthday,email
47,Aguie,23.12.2013,abrissard0@cyberchimps.com
5,Angelico,3.7.2004,ameaker1@youtube.com
31,Beryle,18.10.2007,balberti2@nature.com
47,Louise,6.7.2017,lmquhan3@gravatar.com
44,Aarika,24.9.2015,acowely4@thetimes.co.uk
11,Ray,2.11.2008,reary5@canalblog.com
100,Spense,24.7.2000,scutbirth6@pagesperso-orange.fr
35,Adina,13.2.2009,agatrill7@ustream.tv
97,Vasilis,17.6.2005,vtruwert8@omniture.com
65,Leandra,31.7.2000,lsemble9@unc.edu
83,Horatius,24.11.2011,hmcginga@free.fr
29,Myrilla,28.10.2016,mbeggb@domainmarket.com
28,Bibbie,14.8.2012,blidgleyc@reddit.com
39,Maris,11.9.2021,mbrazerd@vkontakte.ru
64,Ingmar,2.2.2008,isipsone@youtu.be
29,Lotti,10.12.2005,lspatonif@cyberchimps.com
14,Minne,26.4.2017,mlageng@nature.com
33,Stacia,28.4.2007,sdominikh@delicious.com
14,Orlando,14.8.2015,ocraskei@ovh.net
34,Marnia,30.11.2012,mconeronj@alibaba.com
61,Willie,29.6.2005,wkornesk@cmu.edu
25,Miltie,26.11.2013,mcalveleyl@addtoany.com
58,Lorin,13.7.2017,lbelshawm@google.ru
3,Daven,20.6.2010,dsedgen@creativecommons.org
54,Gaby,7.6.2012,gensero@123-reg.co.uk
17,Lindsey,5.8.2001,laspinalp@sun.com
17,Catie,27.11.2002,cfoltinq@ovh.net
46,Norry,25.10.2003,nfriedlosr@slashdot.org
100,Loretta,28.8.2005,ldevos@alexa.com
5,Kort,14.9.2020,khursthouset@alexa.com
4,Boote,4.5.2005,bmicklewrightu@goodreads.com
10,Haslett,28.11.2015,hblencoev@springer.com
31,Shell,20.2.2021,sbrunaw@miitbeian.gov.cn
48,Annadiana,14.11.2008,aleportx@biblegateway.com
84,Marietta,22.4.2000,mpengelleyy@symantec.com
68,Grethel,18.11.2014,gpenbarthyz@samsung.com
5,Rick,5.10.2017,rchamberlaine10@photobucket.com
27,Ursa,5.11.2000,umacvey11@hao123.com
35,Desdemona,15.1.2017,dbrambell12@webnode.com
6,Shaine,17.6.2014,sscotland13@cnn.com
38,Jasper,27.7.2020,jvost14@blinklist.com
100,Clarinda,26.6.2003,ctillman15@networkadvertising.org
46,Mary,5.2.2000,mmeadowcraft16@rambler.ru
57,Ulrick,11.6.2003,usmithin17@spotify.com
6,Gwen,16.9.2016,graulstone18@prweb.com
72,Pollyanna,22.1.2000,plamb19@csmonitor.com
8,Allys,2.9.2019,ablanket1a@over-blog.com
53,Olia,27.3.2017,opreble1b@amazon.co.uk
66,Pincus,3.7.2014,psirett1c@seesaa.net
96,Olivia,3.1.2010,oomond1d@amazon.co.uk
